[{
        "user_id": "Hans",
        "content": "Hallo iedereen!",
        "created_at": "2019-11-10 14:32:21"
    },
    {
        "user_id": "Wouter",
        "content": "Weer een nieuwe chatapplicatie?",
        "created_at": "2019-11-10 14:33:03"
    },
    {
        "user_id": "Sjon",
        "content": "Ah joh, Wouter. Komt vast wel goed.",
        "created_at": "2019-11-10 14:41:09"
    },
    {
        "user_id": "Hans",
        "content": "Ach, is toch leuk?",
        "created_at": "2019-11-10 14:41:11"
    },
    {
        "user_id": "Wim",
        "content": "Hallo jongens :)",
        "created_at": "2019-11-10 16:32:01"
    },
    {
        "user_id": "Chritiaan",
        "content": "Nou nou heren, Ik krijg nu al allemaal meldingen...",
        "created_at": "2019-11-10 16:32:21"
    },
    {
        "user_id": "Jan",
        "content": "Wat gaan we eigenlijk doen jongens?",
        "created_at": "2019-11-10 16:33:56"
    },
    {
        "user_id": "Wouter",
        "content": "Gewoon. Beetje PHP, SQL, Joins, CRUD, API, Sessions, Tokens, Databases, HTTP en JSON. Valt erg mee.",
        "created_at": "2019-11-10 16:34:34"
    },
    {
        "user_id": "Christiaan",
        "content": "Dat valt inderdaad erg mee. En volgende week dan?",
        "created_at": "2019-11-10 14:36:02"
    },
    {
        "user_id": "Wim",
        "content": "Kijk wat ook kan jongens! <script>alert('Haha, je bent gehacked. Groetjes Wim');</script>",
        "created_at": "2019-11-10 14:36:02"
    }
]